{
    "type": "Topology",
    "transform": {
        "scale": [0.5164242440700753, 0.5184967692774521],
        "translate": [-13164006.3575, 4019261.5851000026]
    },
    "arcs": [
        [
            [14, 1605],
            [0, -45],
            [-1, -28],
            [-1, -134],
            [-2, -183],
            [-1, -163],
            [-1, -43],
            [0, -94],
            [-3, -263],
            [-2, -156],
            [0, -95],
            [-1, -30],
            [-1, -116],
            [0, -26],
            [0, -19],
            [-1, -45],
            [0, -41],
            [14, 0],
            [975, 1],
            [106, 1],
            [37, 0],
            [57, 0],
            [26, 0],
            [155, 0],
            [36, 0],
            [173, 2],
            [99, 2],
            [4, 0],
            [37, 1],
            [189, 2],
            [62, 1],
            [11, 1],
            [41, 0],
            [57, 1],
            [102, 1],
            [23, 0],
            [81, 0],
            [79, 1],
            [428, 0],
            [190, 1],
            [279, 1],
            [42, -17],
            [229, -17],
            [182, -13],
            [150, -11],
            [60, -5],
            [19, -1],
            [57, -4],
            [40, -3],
            [31, -2],
            [25, -2],
            [10, -1],
            [18, -1],
            [38, -3],
            [13, -1],
            [26, -2],
            [12, -1],
            [9, 0],
            [16, -2],
            [15, 0],
            [27, -2],
            [18, -1],
            [307, -18],
            [575, -33],
            [-30, 171],
            [-31, 171],
            [-8, 47],
            [-4, 26],
            [-4, 16],
            [-20, 110],
            [-9, 51],
            [-7, 44],
            [-15, 82],
            [15, 58],
            [32, 130],
            [74, 297],
            [11, 44],
            [12, 51],
            [6, 22],
            [7, 27],
            [15, 60],
            [91, 366],
            [2, 9],
            [10, 40],
            [13, 53],
            [10, 35],
            [51, 208],
            [9, 39],
            [12, 49],
            [9, 36],
            [22, 89],
            [5, 19],
            [7, 28],
            [9, 35],
            [6, 25],
            [6, 23],
            [13, 54],
            [14, 52],
            [5, 25],
            [5, 20],
            [-6, 35],
            [-4, 22],
            [-48, 279],
            [-2, 10],
            [-1, 11],
            [-3, 13],
            [-4, 24],
            [-4, 24],
            [-3, 13],
            [-1, 9],
            [-4, 21],
            [-5, 30],
            [-1, 8],
            [-4, 21],
            [-2, 10],
            [-2, 17],
            [-5, 25],
            [-3, 20],
            [-3, 18],
            [-2, 5],
            [0, 6],
            [-4, 21],
            [-3, 15],
            [0, 4],
            [-1, 6],
            [-2, 7],
            [-2, 18],
            [-3, 15],
            [-2, 11],
            [-2, 14],
            [-3, 15],
            [-2, 8],
            [-2, 13],
            [-1, 5],
            [-1, 8],
            [-2, 11],
            [-3, 16],
            [-4, 23],
            [-8, 50],
            [-6, 32],
            [-25, 146],
            [-52, 299],
            [-4, 20],
            [-2, 17],
            [-4, 22],
            [-5, 25],
            [-2, 13],
            [-2, 13],
            [-4, 20],
            [-2, 8],
            [0, 2],
            [-3, 11],
            [-3, 6],
            [-2, 9],
            [-3, 7],
            [-3, 7],
            [-4, 9],
            [-4, 9],
            [-3, 4],
            [-4, 9],
            [-3, 4],
            [-3, 4],
            [-5, 8],
            [-7, 10],
            [-5, 6],
            [-3, 4],
            [-12, 14],
            [-1, 140],
            [0, 50],
            [-123, 1],
            [-121, 1],
            [-141, 1],
            [-224, 2],
            [-245, 2],
            [-52, 0],
            [-114, 1],
            [-2, 263],
            [951, 12],
            [-1, 291],
            [-738, -11],
            [3, 590],
            [0, 41],
            [0, 73],
            [2, 215],
            [0, 50],
            [2, 350],
            [-487, 0],
            [-68, 0],
            [-12, 0],
            [0, 6],
            [-126, 0],
            [-209, 1],
            [-72, 0],
            [-8, 0],
            [-8, 0],
            [-8, 0],
            [-95, 0],
            [-14, -3],
            [-31, 0],
            [-44, 0],
            [-14, 0],
            [-19, 0],
            [-4, 0],
            [-6, 1],
            [-37, 2],
            [-3, 1],
            [-18, 0],
            [-57, 0],
            [-170, 0],
            [0, -6],
            [-142, 0],
            [-31, 0],
            [-12, 0],
            [0, 6],
            [-121, 1],
            [-138, 0],
            [-100, 2],
            [-166, 1],
            [2, 247],
            [-704, -3],
            [-7, -227],
            [-22, -5],
            [-292, 2],
            [-7, -210],
            [-9, -298],
            [-4, -106],
            [-2, -64],
            [-11, -356],
            [-1, -25],
            [0, -3],
            [14, 0],
            [-3, -84],
            [-2, -52],
            [-2, -59],
            [-1, -58],
            [-1, -7],
            [-2, -34],
            [-4, -59],
            [-2, -30],
            [-2, -26],
            [-3, -48],
            [-1, -11],
            [0, -238],
            [-2, -314],
            [-3, -295],
            [-4, -261],
            [-265, 0],
            [-435, 0],
            [-225, 1],
            [-37, 0],
            [0, 24],
            [-52, 1],
            [-49, 0],
            [0, -66],
            [0, -31],
            [-1, -68],
            [-1, -65],
            [0, -18],
            [-3, -310],
            [-6, -611],
            [-3, -313],
            [-2, -220],
            [-1, -44],
            [0, -142],
            [-2, -34],
            [-1, -190]
        ]
    ],
    "objects": {
        "lanbh": {
            "type": "GeometryCollection",
            "geometries": [{
                "arcs": [
                    [0]
                ],
                "type": "Polygon"
            }]
        }
    }
}
