{"type":"Topology","transform":{"scale":[0.009619909871234057,0.006011645776752277],"translate":[-177.9060718938289,18.92178634508703]},"arcs":[[[1930,504],[-24,-12],[-15,45],[34,13],[5,-46]],[[2104,396],[-45,-2],[-14,30],[25,38],[34,-66]],[[2256,285],[-20,-11],[-8,54],[23,6],[5,-49]],[[2312,0],[-25,35],[3,40],[-17,68],[31,71],[57,-35],[12,-45],[30,-31],[-24,-35],[-52,-35],[-15,-33]],[[6328,5003],[-2,-409],[14,-90]],[[6340,4504],[-215,0],[-105,-31],[-65,-11],[-53,-23],[-42,18],[-74,-28],[-54,17],[-14,72],[-42,10]],[[5676,4528],[-17,22],[-27,2],[-38,74],[-2,51],[-22,52],[-5,48],[-38,85],[2,38],[76,-37],[119,-4],[38,-63],[-14,-80],[30,12],[-8,72],[19,38],[-36,68],[8,37],[-29,60],[199,0],[209,0],[188,0]],[[6428,5003],[208,0],[196,0],[149,0],[260,0],[221,0],[214,0]],[[7676,5003],[1,-266],[0,-242]],[[7677,4495],[-1,-157]],[[7676,4338],[-228,0],[-170,0],[-328,-1],[0,-87]],[[6950,4250],[-23,34],[-30,-20],[-121,-10],[-30,-10],[-14,54],[-31,15],[-1,33],[-30,46],[-24,62],[-36,-40],[-26,51],[16,121],[-50,51],[-44,74],[-19,7],[-24,69],[-34,46],[-1,170]],[[11132,4025],[-16,41],[-12,322]],[[11104,4388],[30,20],[39,62],[46,149],[78,127],[35,-45],[69,28],[45,-48],[-1,-231],[38,-14],[-4,-51],[32,-21],[21,-54],[-97,-63],[-55,2],[-32,-20],[-23,14],[-12,-60],[-33,-7],[-42,-45],[-37,6],[-7,-36],[-62,-76]],[[7676,5003],[266,0],[260,0],[184,0]],[[8386,5003],[12,-147],[27,-85],[6,-154],[21,-73],[4,-51]],[[8456,4493],[-147,0],[-264,1],[-155,1],[-213,0]],[[7677,4006],[-1,332]],[[8456,4493],[-29,-57],[40,-49],[-1,-299]],[[8466,4088],[1,-62],[-18,-69],[19,-37]],[[8468,3920],[-29,30],[-69,33],[-60,-15],[-56,36],[-284,-1],[-161,1],[-132,2]],[[7677,3673],[-91,-1],[-247,0],[-181,0]],[[7158,3672],[-208,0],[0,166]],[[6950,3838],[0,253],[0,159]],[[7677,4006],[0,-333]],[[9367,3920],[-119,0],[-176,4]],[[9072,3924],[-45,39],[-9,42],[9,43],[-16,41]],[[9011,4089],[-15,74],[-50,40],[-13,29],[-87,64],[6,91],[-11,69],[19,35],[40,26],[0,97]],[[8900,4614],[38,3],[111,46],[13,-51],[33,-13]],[[9095,4599],[31,-38],[106,-32],[30,-20],[66,-12],[41,-45],[-9,-52],[20,-39]],[[9380,4361],[5,-51],[32,-6],[-43,-150],[2,-37],[-17,-52],[8,-145]],[[6328,5003],[100,0]],[[6950,3838],[-311,0]],[[6639,3838],[-309,0]],[[6330,3838],[-2,301],[12,63],[-31,17],[-1,31],[40,75],[37,107],[-8,31],[-37,41]],[[10879,3963],[2,128],[-21,91],[14,33],[-5,124]],[[10869,4339],[191,1]],[[11060,4340],[-17,-98],[-41,-27],[4,-29],[-36,-86],[-8,-140]],[[10962,3960],[-83,3]],[[8386,5003],[215,0],[1,62],[34,-7],[27,-102],[76,-15],[92,1],[144,-98],[148,11],[15,-48],[-53,-18],[-53,-42],[-47,-56],[-85,-77]],[[9011,4089],[-128,-1],[-187,0],[-230,0]],[[5583,3838],[-17,18],[-4,86],[-16,35],[41,171],[21,239],[-2,151],[47,6],[23,-16]],[[6330,3838],[-310,-1]],[[6020,3837],[-238,2],[-199,-1]],[[11060,4340],[13,37],[31,11]],[[11132,4025],[0,-42]],[[11132,3983],[-49,-28],[-121,5]],[[8988,3568],[-32,40],[-259,-7],[-158,3]],[[8539,3604],[-18,145],[-43,118],[-10,53]],[[9072,3924],[49,-68],[-19,-86],[-74,-30],[10,-75],[-50,-97]],[[11030,3840],[-176,7]],[[10854,3847],[25,116]],[[11132,3983],[8,-34],[-30,-63],[26,-6],[25,-73],[61,-23],[-121,-30]],[[11101,3754],[-8,31]],[[11093,3785],[-4,5]],[[11089,3790],[-15,51],[-44,-1]],[[7885,3506],[0,166],[-208,1]],[[8539,3604],[47,-97]],[[8586,3507],[-166,-1],[-189,0],[-151,1],[-195,-1]],[[10202,3884],[65,50],[29,37],[-21,79],[62,17],[74,-6],[19,-16],[68,6],[72,47],[-14,90],[53,48],[54,70],[62,31],[144,2]],[[10854,3847],[-6,-126],[-11,-49]],[[10837,3672],[-15,-28],[-13,-4],[-8,-16]],[[10801,3624],[10,48],[-83,59]],[[10728,3731],[-38,42],[-1,35],[-28,29],[-297,1],[-162,1],[0,45]],[[10827,3605],[-26,-2],[-2,9],[12,27],[16,-2],[16,20],[136,20],[-24,-35],[-128,-37]],[[10231,3459],[-108,1],[0,152]],[[10123,3612],[0,225]],[[10123,3837],[79,47]],[[10728,3731],[-45,-65],[-5,-67],[47,-63],[-72,-64]],[[10653,3472],[-38,-12]],[[10615,3460],[-240,0],[-144,-1]],[[11030,3840],[-7,-113]],[[11023,3727],[-109,-9],[-77,-46]],[[11089,3790],[-27,-52],[-39,-11]],[[11101,3754],[-8,31]],[[10646,3458],[7,14]],[[10801,3624],[-29,-32],[31,-32],[-19,-101],[-66,-115],[-78,78],[6,36]],[[9343,3142],[10,82],[19,19],[25,63],[-17,58],[14,34],[1,395]],[[9395,3793],[31,-16],[40,23]],[[9466,3800],[213,-1],[0,-10]],[[9679,3789],[0,-229],[-2,-203]],[[9677,3357],[0,-51],[-66,-12],[2,-31],[-80,-87],[-33,-14],[-90,0],[-67,-20]],[[6639,3838],[0,-313],[0,-239],[0,-280]],[[6639,3006],[1,-129],[-73,-22],[18,-144],[-7,-37]],[[6578,2674],[-131,167],[-203,242],[-224,256],[0,363],[0,135]],[[7158,3672],[0,-272],[0,-393]],[[7158,3007],[-239,0],[-280,-1]],[[6578,2674],[0,-21],[51,-92],[-40,-59],[2,-42],[-22,-103],[26,-41],[-27,-21]],[[6568,2295],[-250,-30],[-21,95],[-27,47],[-54,60],[-31,-2],[-14,50],[-41,0],[-70,62],[-88,5],[-19,22],[0,94],[-25,48],[-41,39],[-43,86],[-21,21],[-7,46],[20,39],[-43,30],[-24,40],[-11,47],[21,42],[1,40],[-40,-20],[-24,22],[-8,45],[-76,105],[-11,150],[-53,70],[-5,31],[29,90],[6,79],[-15,90]],[[9679,3789],[137,4]],[[9816,3793],[97,-55],[55,20],[29,-4],[38,39],[88,44]],[[10123,3612],[-37,-168],[-37,-40],[-21,4],[-63,-66],[-30,-95],[-27,-5]],[[9908,3242],[-45,51],[-28,-20],[-97,35],[-23,50],[-38,-1]],[[9228,3005],[-32,30],[-8,88],[-72,66],[-14,49],[24,74],[-57,17],[-7,52],[-66,79],[-15,68],[7,40]],[[9367,3920],[-5,-28],[33,-99]],[[9343,3142],[-6,-55],[-39,-13],[-2,-55],[-40,22],[-28,-36]],[[10484,3305],[-8,23]],[[10476,3328],[8,-23]],[[10646,3458],[-10,-41],[19,-65],[34,-45],[3,-59]],[[10692,3248],[-2,0]],[[10690,3248],[-2,1]],[[10688,3249],[-64,2],[-9,209]],[[9974,3095],[-36,24],[-30,73],[0,50]],[[10231,3459],[0,-86],[44,48],[52,5],[39,30],[41,-36],[7,-27]],[[10414,3393],[-11,-31],[-46,48],[-14,-41],[-86,-116],[-47,-8],[-50,-92],[-26,-73],[-118,-39],[-29,14],[-13,40]],[[10688,3249],[-29,-73]],[[10659,3176],[-29,-7]],[[10630,3169],[-20,43],[-47,34],[26,23],[-16,31],[-37,0],[23,-119],[-55,57],[-37,0],[9,43]],[[10476,3281],[8,24]],[[10476,3328],[-40,31],[-22,34]],[[10692,3248],[-2,0]],[[10669,3178],[3,0]],[[10672,3178],[-3,0]],[[7887,3005],[-100,2]],[[7787,3007],[-223,-1],[-178,-1],[-228,2]],[[7885,3506],[0,-145],[2,-356]],[[9199,2924],[21,14],[8,67]],[[9974,3095],[-42,-44],[-38,-26],[-42,-61],[-57,-23]],[[9795,2941],[-183,2],[-102,6],[-149,-1],[-20,-25],[-142,1]],[[9187,2924],[5,0]],[[9192,2924],[-5,0]],[[8586,3507],[44,-31],[-23,-47],[30,-54],[22,-12],[-1,-356]],[[8658,3007],[-198,0],[-210,0],[-152,-1],[-211,-1]],[[10004,2939],[-209,2]],[[10476,3281],[-22,-35],[42,-39],[36,-13],[34,-38],[-21,-106],[27,-53],[22,-2],[12,-61]],[[10606,2934],[-3,0]],[[10603,2934],[-10,0]],[[10593,2934],[-2,0]],[[10591,2934],[-3,0]],[[10588,2934],[-251,-3],[-164,1],[-169,7]],[[10672,3178],[-3,0]],[[10659,3176],[-48,-99],[-13,17],[32,75]],[[9199,2924],[-7,0]],[[9187,2924],[-20,-83]],[[9167,2841],[-68,-2],[34,52],[-11,31],[-205,0],[-259,0]],[[8658,2922],[0,85]],[[7158,3007],[0,-340],[0,-195],[0,-223],[0,-182]],[[7158,2067],[-211,-2],[-234,118],[-155,73],[10,39]],[[8673,2447],[-40,20],[-39,35],[-90,-20],[-26,-22],[-57,40],[-27,-37],[-53,43],[-20,-22],[-33,44],[-34,-9],[-70,24],[-15,34],[-38,-6],[-32,31],[-1,321],[-168,-1],[-143,0]],[[7787,2922],[0,85]],[[8658,2922],[20,-181],[-5,-294]],[[9728,2673],[3,36],[28,14],[25,43],[29,2],[57,38],[20,35],[22,-8],[36,33],[19,-4],[37,77]],[[10588,2934],[31,-115],[-45,-88],[-32,12],[-13,-23],[15,-81],[-68,-17],[-76,-82],[-19,-46],[-56,-6]],[[10325,2488],[-115,154],[-116,2],[-25,56],[-128,7],[-86,-33]],[[9855,2674],[-127,-1]],[[10593,2934],[-2,0]],[[10606,2934],[-3,0]],[[9728,2673],[-133,0]],[[9595,2673],[-270,2]],[[9325,2675],[-218,-1]],[[9107,2674],[24,36],[-12,35],[47,64],[1,32]],[[7418,2140],[-8,36],[184,0],[186,0],[4,303],[1,299],[2,144]],[[8673,2447],[45,-13],[0,-88]],[[8718,2346],[0,-171],[24,-45],[27,-89],[0,-61],[-20,-46],[-2,-90]],[[8747,1844],[-31,-55],[-87,-46],[-37,-70],[-29,-29],[-74,-39],[-74,-76],[-25,-50],[-39,-139],[21,-103],[6,-65],[-92,15],[-65,53],[-30,7],[-19,73],[-17,29],[-9,97],[-35,30],[-7,32],[-28,36],[-30,77],[-30,96],[-48,47],[-22,43],[-125,-7],[-25,-79],[-25,-48],[-93,58],[-51,59],[-15,37],[-3,55],